item,qty,spec,supplier,unit_cost_usd,make_buy,notes
1 Camera head,1,"Sealed pipe-inspection camera head, 29 mm diameter by about 55 mm long, IP68 (1 m for 30 min or better), AHD 1080p with a low-light 1/2.9 in sensor, about 90 degree horizontal view, 12 white LEDs around the lens with dimming, 12 V supply, short pigtail lead","Pipe-inspection camera maker via an online electronics marketplace or a drain-camera spares distributor",95.00,buy,"Indicative price; shut-off and LED drive per maker; diameter and length to confirm when bought (VDS-DEC-001, To confirm 1)"
2 Nose,1,"Turned from 50 mm 6061-T6 round bar, 75 mm long; 48 mm outside; 40.2 mm counterbore 12 mm deep; 29.3 mm bore 6.5 mm below the axis, through, taking the base link of the steerable tip; two M3 tapped holes for its grub screws; bite valve pocket 11.5 mm wide on top; water groove; three 4.5 mm countersunk holes",Metal stockist (bar cut to length),9.00,make,Material price; lathe and mill or drill work per VDS-DWG-103
3 Collar with air outlets,1,"Turned from 50 mm 6061-T6 round bar, 110 mm long; 48 mm outside, 40 mm spigot; 35.16 mm socket 60 mm deep; 30 mm plenum; six 5 mm outlets; 20.5 mm speaker pocket; 4.5 mm water exit at 45 degrees; 8.5 mm button hole with a 14 mm spotface; three M4 tapped holes; 14 mm spigot bore with a rubber grommet; two 3.2 mm steering housing stops 2 mm deep in the front wall with 1.2 mm wire holes on through the spigot",Metal stockist (bar cut to length); grommet from a hardware store,13.00,make,Material and grommet; lathe and drill work per VDS-DWG-104
4 Speaker with cover,1,"20 mm waterproof micro speaker, IP67, 8 ohm, 0.5 W, about 4 mm thick; 0.5 mm stainless perforated disc 20 mm bonded over it with neutral-cure silicone",Electronics distributor; stainless mesh from a hardware or craft supplier,9.00,buy,Speaker also works as the microphone through the push-to-talk amplifier (line 21)
5 Rod sections,4,"6061-T6 drawn aluminium tube 38.1 mm (1.5 in) outside x 1.47 mm (0.058 in) wall, cut to 1,050 mm; holes per VDS-DWG-101 (section 4 also has two 4 mm holes on top for the steering housings); depth marks every 100 mm under clear heat-shrink",Aluminium tube stockist (three 8 ft lengths or two 12 ft lengths),32.00,make,"Indicative price per section including offcut; 0.058 in wall chosen so the coupler tube telescopes inside"
6 Couplers with snap buttons and pins,4,"6061-T6 tube 34.93 mm (1.375 in) outside x 2.11 mm (0.083 in) wall, cut to 120 mm; one stainless V-spring snap button for 1.25 to 1.5 in tube with an 8 mm button; two 4 mm aluminium pins 3.6 mm long; structural epoxy",Aluminium tube stockist; snap buttons from a tent-pole or tube-hardware supplier,9.50,make,Price per coupler set including button and pins; button pull strength to confirm when bought (VDS-DEC-001)
7 Tail cap with air barb and grommets,1,"Turned from 50 mm 6061-T6 round bar, 65 mm long: 44 mm flange 25 mm long, 35.0 mm plug 40 mm long, 30 mm bore, 8 mm end wall with 10 and 12 mm grommet holes, 1/4 BSP tapped side hole; brass 1/4 BSP to 12 mm hose barb; two split rubber grommets; two 4 mm pins",Metal stockist; pneumatic fittings and grommets from a hardware store,16.00,make,Material and fittings; lathe work per VDS-DWG-105
8 Grip,1,"Rubber or closed-cell foam handlebar grip tube, 38 mm bore, about 4.5 mm wall, 300 mm long",Bicycle or sporting goods store,10.00,buy,Slid onto section 4 with soapy water
9 Camera and speaker cable,1,"Hybrid camera cable 7 m: one mini-coax for video plus four 0.25 mm2 cores (12 V, ground, speaker pair), about 6 mm outside, polyurethane jacket; 6-pin GX16 aviation plug at the surface end",Electronics distributor or CCTV cable supplier,42.00,buy,Indicative price including the plug; spliced to the camera pigtail inside the collar
10 Water guide tube,1,"PTFE tube 8 mm outside x 6 mm bore, 6.5 m",Fluid fittings supplier,32.00,buy,Smooth bore so the water tube pushes through; never touches the water
11 Water set (single use),1,"Food-grade polyurethane tube 4 mm x 2.5 mm, 8 m; silicone bite valve about 11 mm outside; 0.5 mm bore food-grade PTFE capillary 600 mm with two barbed reducers; roller clamp; three-way stopcock; 100 micron inline strainer; 60 mL syringe for priming; resealable bag and label",Fluid fittings and hydration-pack spares suppliers,26.00,buy,One set per use; spares in line 27
12 Water reservoir bottle,1,"1 L food-grade polypropylene bottle with 25 mL graduations, carry bail and a bottom outlet spigot (laboratory aspirator-bottle class)",Laboratory or catering supplier,18.00,buy,Hangs from the stand hook by its bail
13 Reservoir stand,1,"Photographic light stand, 0.8 to 2.0 m, three legs, with a hook arm and a strap of height marks every 0.1 m",Photo equipment retailer,28.00,buy,Sets the water height above the tip; at most 1 m above the tip by procedure
14 Surface unit case,1,"Hard case, IP67, about 410 x 330 x 175 mm outside (base 125 mm, lid 50 mm), polypropylene, with pressure valve; base drilled for four plate screws, three wall fittings and the intake filter; lid drilled for the monitor bracket",Case retailer,110.00,buy,Indicative price for a generic IP67 case of this size; drilled per VDS-DWG-108
15 Equipment plate with spacers,1,"5052 aluminium sheet 3 mm, 330 x 300 mm, drilled per VDS-DWG-106; four 6 mm nylon spacers, four M5 stainless screws with bonded sealing washers and nyloc nuts",Metal stockist; fasteners from a hardware store,22.00,make,Material and fixings
16 Monitor with recorder and lid bracket,1,"7 in AHD monitor with built-in recorder (microSD), 1000 nit or brighter, 12 V, audio in, rear M4 mounting holes; bracket from 2 mm 5052 aluminium sheet folded per VDS-DWG-107 with four M5 screws and bonded sealing washers",CCTV or drain-camera spares supplier; metal stockist,175.00,buy,Indicative price for the monitor plus about USD 8 of sheet and fixings
17 Battery pack,2,"12.8 V 6 Ah LiFePO4 pack with built-in battery management, about 151 x 65 x 94 mm, XT60 lead, discharge to -20 C; one fitted, one spare",Battery retailer,55.00,buy,Two packs: fitted plus spare for a full shift
18 Blower,1,"12 V DC centrifugal blower about 97 x 94 x 33 mm with a maximum static pressure (shut-off) of 1.0 kPa or less, PWM speed input; four 10 mm standoffs",Electronics distributor,24.00,buy,Shut-off pressure caps the air pressure at the tip; to confirm on the datasheet when bought (VDS-DEC-001)
19 Intake filter,1,"Inline air intake filter with a pleated fine-dust (F7 class or better) cartridge, about 60 mm diameter, 1/2 in bulkhead thread and nut",Pneumatics or air-quality supplier,22.00,buy,Faces away from the void; cartridge replaceable
20 Air flow meter,1,"Panel variable-area flow meter for air, 5 to 50 L/min, about 32 x 30 x 100 mm, pressure drop 0.2 kPa or less at 20 L/min; bracket from 40 x 40 x 3 mm aluminium angle",Pneumatics supplier; metal stockist,34.00,buy,Must stand upright; pressure drop to confirm when bought
21 Control modules,1,"Printed tray holding: 12 V 3 A buck-boost converter, 10 A blade fuse holder with 7.5 A fuse, illuminated main switch, PWM blower speed controller with knob, push-to-talk intercom amplifier (2 W, microphone preamplifier, relay switching the tip speaker between speaker and microphone), XT60 battery socket, terminal strip, 0.5 and 1.0 mm2 wire",Electronics distributor,62.00,buy,All extra-low voltage (12.8 V nominal)
22 Headset with push-to-talk,1,"Closed-ear headset with boom microphone and a push-to-talk button, 3.5 mm plug to a waterproof panel socket",Electronics or radio accessory supplier,32.00,buy,Lets the operator hear a faint voice in a noisy site
23 Wall fittings,1,"6-pin GX16 panel socket; brass 1/2 in bulkhead to 12 mm hose barb with nut and seal; waterproof headset panel socket; sealing washers",Electronics distributor; pneumatics supplier,18.00,buy,Through the case wall facing the probe
24 Air hose and umbilical sleeve,1,"Silicone hose 12 mm bore, 2.5 m; two hose clips; 30 mm braided cable sleeve 2.5 m with hook-and-loop ties",Hardware or pneumatics supplier,24.00,buy,Carries air from the case outlet to the tail cap barb; the sleeve bundles hose and lines
25 Battery charger,1,"14.6 V 2 A LiFePO4 charger with a certified mains adapter and XT60 lead",Battery retailer,30.00,buy,Bought certified; mains only at the charging point
26 Rod carry case,1,"Hard long case about 1,150 x 350 x 150 mm with foam, holding the four sections side by side, the head in a foam cut-out and the lines in loops",Case retailer,115.00,buy,The sections stay threaded on the lines in storage
27 Cleaning kit and spare water sets,1,"Four spare water sets (line 11), food-safe sanitising tablets, 1 L wash bottle, long bottle brush, lint-free cloths, nitrile gloves, labelled bags",Catering and hydration-pack suppliers,118.00,buy,One clean water set per use
28 Fixings and consumables,1,"Structural two-part epoxy, threadlocker, neutral-cure silicone, clear heat-shrink 50 mm, paint marker, M4 countersunk screws, M5 screws, cable ties, solder and heat-shrink sleeves",Hardware store,38.00,buy,Indicative allowance
29 Lathe time for nose collar tail cap and tip parts,1,"Outside turning and drilling of lines 2, 3, 7, 31, 32 and the drum of line 34 where no lathe is at hand (about 4 h shop time)",Local machine shop,240.00,buy,"Allowance at about USD 60 an hour; was 3 h (USD 180) before the steerable tip added the base link, tip housing and drum (VDS-DDR-003); zero if the builder has a lathe"
30 Bending section links pins and sheath,1,"Four hinged links printed in PA12 nylon by selective laser sintering per VDS-DWG-110 (33 mm outside, 23 mm bore, 10 mm body, hinge lugs top and bottom, two 1.2 mm wire holes); ten 2 x 5 mm stainless dowel pins; two silicone sheaths 33 mm bore x 0.6 mm wall x 80 mm (one fitted, one spare); waxed thread and neutral-cure silicone for the sheath ends",Online SLS printing service; pins from a hardware or model-engineering supplier; silicone tube from a fluid fittings supplier,42.00,make,"Price basis: about USD 6 per printed link (USD 24), pins USD 4, sheaths about USD 7 each (USD 14); indicative"
31 Base link,1,"Turned from 35 mm 6061-T6 round bar, 25 mm long: 29.25 mm spigot 14 mm long, 33 mm flange 8 mm long, 12 mm bore, milled hinge lugs, two 1.2 mm wire holes drilled on a slant, two grub screw dimples; two M3 x 10 nylon-tipped stainless grub screws",Metal stockist (bar offcut); screws from a hardware store,6.00,make,"Price basis: bar offcut about USD 3, screws about USD 3; lathe and mill work per VDS-DWG-111 (lathe time in line 29)"
32 Tip housing,1,"Turned from 35 mm 6061-T6 round bar, 75 mm long: 33 mm outside x 66 mm, 29.3 mm camera bore 58 mm deep, 23 mm back bore, milled hinge lugs, two wire anchor holes; two M3 x 4 nylon-tipped stainless grub screws; two 2.5 mm copper crimp ferrules",Metal stockist (bar cut to length); screws and ferrules from a hardware store,8.00,make,"Price basis: bar about USD 5, screws and ferrules about USD 3; per VDS-DWG-112 (lathe time in line 29)"
33 Steering wires and housings,1,"Two 0.6 mm 7x7 stainless wire ropes, 6 m each; two PTFE-lined steel-coil push-pull cable housings 3 mm outside, 4.4 m each (model aircraft control cable class); silicone sealant where they pass section 4",Model-engineering or control-cable supplier,38.00,buy,"Price basis: housing about USD 3 per metre (USD 26), wire rope about USD 1 per metre (USD 12); indicative; breaking load of the wire to confirm when bought (VDS-DEC-001)"
34 Steering control,1,"Clamp body with pad and cheeks printed in PA12 nylon by selective laser sintering per VDS-DWG-113; drum 36 mm across turned from 40 mm 6061-T6 bar with two wire clamp screws per VDS-DWG-114; 6 mm stainless shaft 50 mm; lever cut from 3 mm 5052 sheet with a thumb peg; friction lock knob with a spring washer; M4 clamp screw and nyloc nut",Online SLS printing service; metal stockist; hardware store,48.00,make,"Price basis: printed body about USD 30, bar, shaft, sheet, knob and fixings about USD 18; indicative"
